"Node","Temperature (°C)","Max Temperature (°C)","Min Temperature (°C)","Humidity (%)","Wind Speed (Knots)","Wind Direction (Deg.)","Rec. Light Work Load (%)","Rec. Medium Work Load (%)","Rec. Heavy Work Load (%)","Rain (mm)","24HR Rain Total (mm)","Latitude","Longitude","Altitude","Timestamp"
"Avdimou","42.1","28.8","14.6","64.0","3.6","129.0","","","","0.0","","34.684372","32.757369","","11/06/2025 11:00:00"
"Avdimou","28.4","29.0","14.6","66.0","1.8","177.0","","","","0.0","","34.684372","32.757369","","11/06/2025 12:00:00"
"Avdimou","29.0","29.5","14.6","64.0","2.5","130.0","","","","0.0","","34.684372","32.757369","","11/06/2025 13:00:00"
"Avdimou","29.7","30.0","14.6","61.0","2.3","107.0","","","","0.0","","34.684372","32.757369","","11/06/2025 14:00:00"
"Avdimou","29.9","30.3","14.6","59.0","2.2","149.0","","","","0.0","","34.684372","32.757369","","11/06/2025 15:00:00"
"Avdimou","30.4","30.9","14.6","55.0","2.8","114.0","","","","0.0","","34.684372","32.757369","","11/06/2025 16:00:00"
"Avdimou","31.5","31.9","14.6","55.0","1.1","210.0","","","","0.0","","34.684372","32.757369","","11/06/2025 17:00:00"
"Avdimou","30.2","32.0","14.6","60.0","1.3","219.0","","","","0.0","","34.684372","32.757369","","11/06/2025 18:00:00"
"Avdimou","28.3","32.0","14.6","67.0","1.8","210.0","","","","0.0","","34.684372","32.757369","","11/06/2025 19:00:00"
"Avdimou","27.4","32.0","14.6","69.0","0.6","243.0","","","","0.0","","34.684372","32.757369","","11/06/2025 20:00:00"
"Avdimou","24.5","24.5","24.4","76.0","0.0","270.0","","","","0.0","","34.684372","32.757369","","11/06/2025 21:00:00"
"Avdimou","22.3","24.5","22.2","82.0","0.1","352.0","","","","0.0","","34.684372","32.757369","","11/06/2025 22:00:00"
"Avdimou","21.2","24.5","21.0","82.0","0.6","309.0","","","","0.0","","34.684372","32.757369","","11/06/2025 23:00:00"
"Avdimou","20.1","24.5","19.9","84.0","0.1","322.0","","","","0.0","","34.684372","32.757369","","12/06/2025 00:00:00"
"Avdimou","19.2","24.5","19.0","85.0","0.5","354.0","","","","0.0","","34.684372","32.757369","","12/06/2025 01:00:00"
"Avdimou","18.3","24.5","18.2","83.0","0.0","353.0","","","","0.0","","34.684372","32.757369","","12/06/2025 02:00:00"
"Avdimou","18.0","24.5","17.8","84.0","0.6","347.0","","","","0.0","","34.684372","32.757369","","12/06/2025 03:00:00"
"Avdimou","17.8","24.5","17.4","87.0","0.5","330.0","","","","0.0","","34.684372","32.757369","","12/06/2025 04:00:00"
"Avdimou","17.5","24.5","17.2","87.0","0.4","328.0","","","","0.0","","34.684372","32.757369","","12/06/2025 05:00:00"
"Avdimou","17.2","24.5","16.7","86.0","0.6","323.0","","","","0.0","","34.684372","32.757369","","12/06/2025 06:00:00"
"Avdimou","18.7","24.5","16.7","86.0","0.0","287.0","","","","0.0","","34.684372","32.757369","","12/06/2025 07:00:00"
"Avdimou","25.6","25.7","16.7","71.0","1.2","134.0","","","","0.0","","34.684372","32.757369","","12/06/2025 08:00:00"
"Avdimou","27.5","28.1","16.7","73.0","2.2","94.0","","","","0.0","","34.684372","32.757369","","12/06/2025 09:00:00"
"Avdimou","27.7","28.1","16.7","70.0","2.6","89.0","","","","0.0","","34.684372","32.757369","","12/06/2025 10:00:00"
"Avdimou","28.2","28.7","16.7","70.0","2.4","122.0","","","","0.0","","34.684372","32.757369","","12/06/2025 11:00:00"
"Avdimou","28.7","29.0","16.7","67.0","2.3","146.0","","","","0.0","","34.684372","32.757369","","12/06/2025 12:00:00"
"Avdimou","29.3","29.8","16.7","66.0","2.3","134.0","","","","0.0","","34.684372","32.757369","","12/06/2025 13:00:00"
"Avdimou","30.2","30.7","16.7","61.0","2.3","154.0","","","","0.0","","34.684372","32.757369","","12/06/2025 14:00:00"
"Avdimou","32.5","32.8","16.7","49.0","2.1","157.0","","","","0.0","","34.684372","32.757369","","12/06/2025 15:00:00"
"Avdimou","33.7","34.1","16.7","41.0","1.3","259.0","","","","0.0","","34.684372","32.757369","","12/06/2025 16:00:00"
"Avdimou","33.3","34.1","16.7","38.0","1.5","206.0","","","","0.0","","34.684372","32.757369","","12/06/2025 17:00:00"
"Avdimou","32.0","34.1","16.7","51.0","1.8","206.0","","","","0.0","","34.684372","32.757369","","12/06/2025 18:00:00"
"Avdimou","29.8","34.1","16.7","60.0","1.4","238.0","","","","0.0","","34.684372","32.757369","","12/06/2025 19:00:00"
"Avdimou","28.2","34.1","16.7","64.0","0.7","252.0","","","","0.0","","34.684372","32.757369","","12/06/2025 20:00:00"
"Avdimou","27.2","27.2","27.1","71.0","0.9","253.0","","","","0.0","","34.684372","32.757369","","12/06/2025 21:00:00"
"Avdimou","24.9","27.2","24.8","73.0","0.2","275.0","","","","0.0","","34.684372","32.757369","","12/06/2025 22:00:00"
"Avdimou","23.6","27.2","23.1","77.0","0.8","309.0","","","","0.0","","34.684372","32.757369","","12/06/2025 23:00:00"
"Avdimou","23.2","27.2","23.0","73.0","0.9","315.0","","","","0.0","","34.684372","32.757369","","13/06/2025 00:00:00"
"Avdimou","21.4","27.2","21.3","69.0","0.4","276.0","","","","0.0","","34.684372","32.757369","","13/06/2025 01:00:00"
"Avdimou","20.1","27.2","20.0","66.0","0.5","309.0","","","","0.0","","34.684372","32.757369","","13/06/2025 02:00:00"
"Avdimou","18.5","27.2","18.4","67.0","0.6","340.0","","","","0.0","","34.684372","32.757369","","13/06/2025 03:00:00"
"Avdimou","17.5","27.2","17.4","70.0","0.7","335.0","","","","0.0","","34.684372","32.757369","","13/06/2025 04:00:00"
"Avdimou","16.4","27.2","16.3","76.0","0.3","327.0","","","","0.0","","34.684372","32.757369","","13/06/2025 05:00:00"
"Avdimou","18.0","27.2","15.9","75.0","0.6","335.0","","","","0.0","","34.684372","32.757369","","13/06/2025 06:00:00"
"Avdimou","22.4","27.2","15.9","77.0","0.0","126.0","","","","0.0","","34.684372","32.757369","","13/06/2025 07:00:00"
"Avdimou","26.8","27.2","15.9","72.0","1.0","210.0","","","","0.0","","34.684372","32.757369","","13/06/2025 08:00:00"
"Avdimou","27.0","27.4","15.9","75.0","1.4","125.0","","","","0.0","","34.684372","32.757369","","13/06/2025 09:00:00"
"Avdimou","27.6","27.8","15.9","71.0","1.9","156.0","","","","0.0","","34.684372","32.757369","","13/06/2025 10:00:00"
"Avdimou","29.8","30.2","15.9","61.0","2.6","121.0","","","","0.0","","34.684372","32.757369","","13/06/2025 11:00:00"
"Avdimou","29.5","30.3","15.9","64.0","2.6","118.0","","","","0.0","","34.684372","32.757369","","13/06/2025 12:00:00"
"Avdimou","30.4","30.7","15.9","66.0","2.8","140.0","","","","0.0","","34.684372","32.757369","","13/06/2025 13:00:00"
"Avdimou","32.2","32.5","15.9","57.0","2.3","200.0","","","","0.0","","34.684372","32.757369","","13/06/2025 14:00:00"
"Avdimou","33.7","34.7","15.9","51.0","2.5","208.0","","","","0.0","","34.684372","32.757369","","13/06/2025 15:00:00"
"Avdimou","36.8","37.6","15.9","37.0","1.7","232.0","","","","0.0","","34.684372","32.757369","","13/06/2025 16:00:00"
"Avdimou","36.8","37.6","15.9","33.0","1.4","252.0","","","","0.0","","34.684372","32.757369","","13/06/2025 17:00:00"
"Avdimou","35.3","37.6","15.9","35.0","1.1","253.0","","","","0.0","","34.684372","32.757369","","13/06/2025 18:00:00"
"Avdimou","31.6","37.6","15.9","52.0","0.9","232.0","","","","0.0","","34.684372","32.757369","","13/06/2025 19:00:00"
"Avdimou","28.8","37.6","15.9","60.0","0.8","225.0","","","","0.0","","34.684372","32.757369","","13/06/2025 20:00:00"
"Avdimou","26.0","26.0","25.9","61.0","0.6","258.0","","","","0.0","","34.684372","32.757369","","13/06/2025 21:00:00"
"Avdimou","25.4","26.0","25.1","59.0","0.8","327.0","","","","0.0","","34.684372","32.757369","","13/06/2025 22:00:00"
"Avdimou","21.3","26.0","21.1","60.0","0.6","335.0","","","","0.0","","34.684372","32.757369","","13/06/2025 23:00:00"
"Avdimou","19.5","26.0","19.3","62.0","0.4","302.0","","","","0.0","","34.684372","32.757369","","14/06/2025 00:00:00"
"Avdimou","19.5","26.0","18.4","57.0","1.0","321.0","","","","0.0","","34.684372","32.757369","","14/06/2025 01:00:00"
"Avdimou","16.9","26.0","16.8","57.0","0.4","71.0","","","","0.0","","34.684372","32.757369","","14/06/2025 02:00:00"
"Avdimou","15.9","26.0","15.5","60.0","0.6","355.0","","","","0.0","","34.684372","32.757369","","14/06/2025 03:00:00"
"Avdimou","15.0","26.0","14.8","62.0","0.5","329.0","","","","0.0","","34.684372","32.757369","","14/06/2025 04:00:00"
"Avdimou","14.3","26.0","14.2","66.0","0.2","303.0","","","","0.0","","34.684372","32.757369","","14/06/2025 05:00:00"
"Avdimou","14.6","26.0","14.2","66.0","0.3","340.0","","","","0.0","","34.684372","32.757369","","14/06/2025 06:00:00"
"Avdimou","17.7","26.0","14.2","59.0","0.0","337.0","","","","0.0","","34.684372","32.757369","","14/06/2025 07:00:00"
"Avdimou","27.7","27.9","14.2","52.0","1.0","116.0","","","","0.0","","34.684372","32.757369","","14/06/2025 08:00:00"
"Avdimou","28.7","29.0","14.2","57.0","1.6","106.0","","","","0.0","","34.684372","32.757369","","14/06/2025 09:00:00"
"Avdimou","28.7","29.5","14.2","62.0","2.0","130.0","","","","0.0","","34.684372","32.757369","","14/06/2025 10:00:00"
"Avdimou","29.2","29.5","14.2","62.0","1.9","125.0","","","","0.0","","34.684372","32.757369","","14/06/2025 11:00:00"
"Avdimou","29.3","29.9","14.2","63.0","2.4","145.0","","","","0.0","","34.684372","32.757369","","14/06/2025 12:00:00"
"Avdimou","30.3","30.7","14.2","63.0","2.8","154.0","","","","0.0","","34.684372","32.757369","","14/06/2025 13:00:00"
"Avdimou","30.6","31.2","14.2","60.0","2.5","184.0","","","","0.0","","34.684372","32.757369","","14/06/2025 14:00:00"
"Avdimou","31.8","32.7","14.2","50.0","2.8","212.0","","","","0.0","","34.684372","32.757369","","14/06/2025 15:00:00"
"Avdimou","32.7","33.5","14.2","44.0","1.9","221.0","","","","0.0","","34.684372","32.757369","","14/06/2025 16:00:00"
"Avdimou","31.4","33.5","14.2","51.0","2.3","206.0","","","","0.0","","34.684372","32.757369","","14/06/2025 17:00:00"
"Avdimou","29.6","33.5","14.2","64.0","2.4","179.0","","","","0.0","","34.684372","32.757369","","14/06/2025 18:00:00"
"Avdimou","28.4","33.5","14.2","71.0","2.1","202.0","","","","0.0","","34.684372","32.757369","","14/06/2025 19:00:00"
"Avdimou","26.7","33.5","14.2","76.0","1.5","236.0","","","","0.0","","34.684372","32.757369","","14/06/2025 20:00:00"
"Avdimou","25.4","25.5","25.3","80.0","0.7","226.0","","","","0.0","","34.684372","32.757369","","14/06/2025 21:00:00"
"Avdimou","25.2","25.6","25.1","78.0","1.4","206.0","","","","0.0","","34.684372","32.757369","","14/06/2025 22:00:00"
"Avdimou","23.3","25.6","23.1","80.0","0.6","345.0","","","","0.0","","34.684372","32.757369","","14/06/2025 23:00:00"
"Avdimou","20.0","25.6","19.9","85.0","0.6","304.0","","","","0.0","","34.684372","32.757369","","15/06/2025 00:00:00"
"Avdimou","19.8","25.6","19.3","74.0","0.7","339.0","","","","0.0","","34.684372","32.757369","","15/06/2025 01:00:00"
"Avdimou","18.3","25.6","18.2","80.0","0.4","301.0","","","","0.0","","34.684372","32.757369","","15/06/2025 02:00:00"
"Avdimou","18.5","25.6","17.8","82.0","0.4","306.0","","","","0.0","","34.684372","32.757369","","15/06/2025 03:00:00"
"Avdimou","17.4","25.6","17.1","85.0","0.2","333.0","","","","0.0","","34.684372","32.757369","","15/06/2025 04:00:00"
"Avdimou","17.3","25.6","17.0","87.0","0.2","341.0","","","","0.0","","34.684372","32.757369","","15/06/2025 05:00:00"
"Avdimou","17.6","25.6","17.0","89.0","0.1","317.0","","","","0.0","","34.684372","32.757369","","15/06/2025 06:00:00"
"Avdimou","20.8","25.6","17.0","90.0","0.1","354.0","","","","0.0","","34.684372","32.757369","","15/06/2025 07:00:00"
"Avdimou","26.0","26.3","17.0","72.0","0.5","85.0","","","","0.0","","34.684372","32.757369","","15/06/2025 08:00:00"
"Avdimou","26.8","27.0","17.0","73.0","1.2","133.0","","","","0.0","","34.684372","32.757369","","15/06/2025 09:00:00"
"Avdimou","27.7","27.9","17.0","71.0","2.4","124.0","","","","0.0","","34.684372","32.757369","","15/06/2025 10:00:00"
"Avdimou","28.5","29.3","17.0","65.0","1.8","158.0","","","","0.0","","34.684372","32.757369","","15/06/2025 11:00:00"
"Avdimou","29.4","29.9","17.0","63.0","1.8","159.0","","","","0.0","","34.684372","32.757369","","15/06/2025 12:00:00"
"Avdimou","29.4","30.4","17.0","63.0","2.8","119.0","","","","0.0","","34.684372","32.757369","","15/06/2025 13:00:00"
"Avdimou","29.3","30.5","17.0","64.0","2.6","160.0","","","","0.0","","34.684372","32.757369","","15/06/2025 14:00:00"
"Avdimou","29.7","30.5","17.0","61.0","2.5","154.0","","","","0.0","","34.684372","32.757369","","15/06/2025 15:00:00"
"Avdimou","29.3","30.5","17.0","63.0","2.5","128.0","","","","0.0","","34.684372","32.757369","","15/06/2025 16:00:00"
"Avdimou","29.3","30.5","17.0","63.0","2.6","190.0","","","","0.0","","34.684372","32.757369","","15/06/2025 17:00:00"
"Avdimou","28.9","30.5","17.0","64.0","1.6","213.0","","","","0.0","","34.684372","32.757369","","15/06/2025 18:00:00"
"Avdimou","27.4","30.5","17.0","69.0","0.8","225.0","","","","0.0","","34.684372","32.757369","","15/06/2025 19:00:00"
"Avdimou","26.0","30.5","17.0","75.0","0.1","222.0","","","","0.0","","34.684372","32.757369","","15/06/2025 20:00:00"
"Avdimou","23.4","23.4","23.3","78.0","0.1","256.0","","","","0.0","","34.684372","32.757369","","15/06/2025 21:00:00"
"Avdimou","20.8","23.4","20.5","82.0","0.1","343.0","","","","0.0","","34.684372","32.757369","","15/06/2025 22:00:00"
"Avdimou","19.5","23.4","19.4","87.0","0.2","349.0","","","","0.0","","34.684372","32.757369","","15/06/2025 23:00:00"
"Avdimou","18.5","23.4","18.3","88.0","0.2","312.0","","","","0.0","","34.684372","32.757369","","16/06/2025 00:00:00"
"Avdimou","17.5","23.4","17.1","88.0","0.7","318.0","","","","0.0","","34.684372","32.757369","","16/06/2025 01:00:00"
"Avdimou","16.4","23.4","16.3","88.0","0.1","270.0","","","","0.0","","34.684372","32.757369","","16/06/2025 02:00:00"
"Avdimou","16.5","23.4","16.1","89.0","0.6","347.0","","","","0.0","","34.684372","32.757369","","16/06/2025 03:00:00"
"Avdimou","15.8","23.4","15.5","88.0","0.0","345.0","","","","0.0","","34.684372","32.757369","","16/06/2025 04:00:00"
"Avdimou","15.9","23.4","15.2","90.0","0.0","307.0","","","","0.0","","34.684372","32.757369","","16/06/2025 05:00:00"
"Avdimou","16.6","23.4","15.2","90.0","0.0","327.0","","","","0.0","","34.684372","32.757369","","16/06/2025 06:00:00"
"Avdimou","19.9","23.4","15.2","92.0","0.6","102.0","","","","0.0","","34.684372","32.757369","","16/06/2025 07:00:00"
"Avdimou","26.1","26.3","15.2","76.0","1.4","99.0","","","","0.0","","34.684372","32.757369","","16/06/2025 08:00:00"
"Avdimou","27.5","27.8","15.2","69.0","1.8","127.0","","","","0.0","","34.684372","32.757369","","16/06/2025 09:00:00"
"Avdimou","28.6","28.9","15.2","66.0","2.2","131.0","","","","0.0","","34.684372","32.757369","","16/06/2025 10:00:00"
"Avdimou","28.3","28.9","15.2","71.0","2.3","139.0","","","","0.0","","34.684372","32.757369","","16/06/2025 11:00:00"
"Avdimou","29.1","29.7","15.2","67.0","2.5","125.0","","","","0.0","","34.684372","32.757369","","16/06/2025 12:00:00"
"Avdimou","29.2","29.7","15.2","63.0","2.5","133.0","","","","0.0","","34.684372","32.757369","","16/06/2025 13:00:00"
"Avdimou","29.7","30.0","15.2","61.0","2.5","129.0","","","","0.0","","34.684372","32.757369","","16/06/2025 14:00:00"
"Avdimou","29.4","30.6","15.2","62.0","2.3","134.0","","","","0.0","","34.684372","32.757369","","16/06/2025 15:00:00"
"Avdimou","30.0","30.6","15.2","59.0","2.3","159.0","","","","0.0","","34.684372","32.757369","","16/06/2025 16:00:00"
"Avdimou","29.3","30.6","15.2","63.0","2.0","151.0","","","","0.0","","34.684372","32.757369","","16/06/2025 17:00:00"
"Avdimou","28.8","30.6","15.2","63.0","1.4","120.0","","","","0.0","","34.684372","32.757369","","16/06/2025 18:00:00"
"Avdimou","28.2","30.6","15.2","66.0","1.0","120.0","","","","0.0","","34.684372","32.757369","","16/06/2025 19:00:00"
"Avdimou","27.4","30.6","15.2","70.0","0.4","221.0","","","","0.0","","34.684372","32.757369","","16/06/2025 20:00:00"
"Avdimou","25.5","25.4","25.4","74.0","0.1","280.0","","","","0.0","","34.684372","32.757369","","16/06/2025 21:00:00"
"Avdimou","23.5","25.5","23.5","77.0","0.3","359.0","","","","0.0","","34.684372","32.757369","","16/06/2025 22:00:00"
"Avdimou","22.4","25.5","22.3","79.0","0.2","303.0","","","","0.0","","34.684372","32.757369","","16/06/2025 23:00:00"
"Avdimou","20.9","25.5","20.7","81.0","0.5","305.0","","","","0.0","","34.684372","32.757369","","17/06/2025 00:00:00"
"Avdimou","21.0","25.5","20.7","67.0","0.2","342.0","","","","0.0","","34.684372","32.757369","","17/06/2025 01:00:00"
"Avdimou","19.1","25.5","18.9","67.0","0.5","148.0","","","","0.0","","34.684372","32.757369","","17/06/2025 02:00:00"
"Avdimou","19.2","25.5","18.8","66.0","0.0","324.0","","","","0.0","","34.684372","32.757369","","17/06/2025 03:00:00"
"Avdimou","20.2","25.5","18.8","57.0","0.2","357.0","","","","0.0","","34.684372","32.757369","","17/06/2025 04:00:00"
"Avdimou","18.0","25.5","17.8","65.0","0.1","300.0","","","","0.0","","34.684372","32.757369","","17/06/2025 05:00:00"
"Avdimou","17.3","25.5","17.2","68.0","0.3","274.0","","","","0.0","","34.684372","32.757369","","17/06/2025 06:00:00"
"Avdimou","19.4","25.5","17.2","61.0","0.1","6.0","","","","0.0","","34.684372","32.757369","","17/06/2025 07:00:00"
"Avdimou","29.0","29.5","17.2","36.0","0.7","133.0","","","","0.0","","34.684372","32.757369","","17/06/2025 08:00:00"
"Avdimou","30.2","30.6","17.2","34.0","2.0","117.0","","","","0.0","","34.684372","32.757369","","17/06/2025 09:00:00"
"Avdimou","31.0","31.7","17.2","46.0","2.1","137.0","","","","0.0","","34.684372","32.757369","","17/06/2025 10:00:00"
"Avdimou","31.1","31.7","17.2","48.0","2.2","152.0","","","","0.0","","34.684372","32.757369","","17/06/2025 11:00:00"
"Avdimou","31.2","31.9","17.2","53.0","2.4","151.0","","","","0.0","","34.684372","32.757369","","17/06/2025 12:00:00"
"Avdimou","32.2","32.5","17.2","38.0","2.2","158.0","","","","0.0","","34.684372","32.757369","","17/06/2025 13:00:00"
"Avdimou","32.8","33.5","17.2","33.0","2.5","159.0","","","","0.0","","34.684372","32.757369","","17/06/2025 14:00:00"
"Avdimou","32.5","33.6","17.2","37.0","2.4","142.0","","","","0.0","","34.684372","32.757369","","17/06/2025 15:00:00"
"Avdimou","32.0","33.6","17.2","34.0","2.1","173.0","","","","0.0","","34.684372","32.757369","","17/06/2025 16:00:00"
"Avdimou","32.0","33.6","17.2","36.0","2.4","146.0","","","","0.0","","34.684372","32.757369","","17/06/2025 17:00:00"
"Avdimou","31.6","33.6","17.2","34.0","1.6","180.0","","","","0.0","","34.684372","32.757369","","17/06/2025 18:00:00"
"Avdimou","29.3","33.6","17.2","59.0","1.5","152.0","","","","0.0","","34.684372","32.757369","","17/06/2025 19:00:00"
"Avdimou","27.6","33.6","17.2","67.0","0.1","165.0","","","","0.0","","34.684372","32.757369","","17/06/2025 20:00:00"
"Avdimou","23.9","23.9","23.7","69.0","0.0","270.0","","","","0.0","","34.684372","32.757369","","17/06/2025 21:00:00"
"Avdimou","21.9","23.9","21.6","75.0","0.2","299.0","","","","0.0","","34.684372","32.757369","","17/06/2025 22:00:00"
"Avdimou","20.2","23.9","20.1","73.0","0.6","285.0","","","","0.0","","34.684372","32.757369","","17/06/2025 23:00:00"
"Avdimou","18.7","23.9","18.6","68.0","0.6","7.0","","","","0.0","","34.684372","32.757369","","18/06/2025 00:00:00"
"Avdimou","17.0","23.9","16.9","66.0","0.1","169.0","","","","0.0","","34.684372","32.757369","","18/06/2025 01:00:00"
"Avdimou","17.1","23.9","16.4","60.0","0.4","267.0","","","","0.0","","34.684372","32.757369","","18/06/2025 02:00:00"
"Avdimou","17.9","23.9","16.4","62.0","0.2","324.0","","","","0.0","","34.684372","32.757369","","18/06/2025 03:00:00"
"Avdimou","15.5","23.9","15.3","64.0","0.4","350.0","","","","0.0","","34.684372","32.757369","","18/06/2025 04:00:00"
"Avdimou","14.9","23.9","14.8","64.0","0.3","344.0","","","","0.0","","34.684372","32.757369","","18/06/2025 05:00:00"
"Avdimou","14.2","23.9","14.1","65.0","0.3","2.0","","","","0.0","","34.684372","32.757369","","18/06/2025 06:00:00"
"Avdimou","17.2","23.9","14.1","60.0","0.0","345.0","","","","0.0","","34.684372","32.757369","","18/06/2025 07:00:00"
"Avdimou","29.3","29.8","14.1","28.0","0.9","145.0","","","","0.0","","34.684372","32.757369","","18/06/2025 08:00:00"
"Avdimou","30.8","31.1","14.1","28.0","2.6","97.0","","","","0.0","","34.684372","32.757369","","18/06/2025 09:00:00"
"Avdimou","31.0","31.7","14.1","42.0","2.6","155.0","","","","0.0","","34.684372","32.757369","","18/06/2025 10:00:00"
"Avdimou","32.2","32.5","14.1","36.0","2.4","149.0","","","","0.0","","34.684372","32.757369","","18/06/2025 11:00:00"
"Avdimou","32.4","32.9","14.1","36.0","2.9","144.0","","","","0.0","","34.684372","32.757369","","18/06/2025 12:00:00"
"Avdimou","32.1","33.7","14.1","38.0","2.8","136.0","","","","0.0","","34.684372","32.757369","","18/06/2025 13:00:00"
"Avdimou","32.5","33.7","14.1","33.0","2.6","146.0","","","","0.0","","34.684372","32.757369","","18/06/2025 14:00:00"
"Avdimou","32.2","33.7","14.1","32.0","2.4","130.0","","","","0.0","","34.684372","32.757369","","18/06/2025 15:00:00"
"Avdimou","32.0","33.7","14.1","31.0","2.4","151.0","","","","0.0","","34.684372","32.757369","","18/06/2025 16:00:00"
"Avdimou","32.4","33.7","14.1","27.0","1.7","169.0","","","","0.0","","34.684372","32.757369","","18/06/2025 17:00:00"
"Avdimou","32.8","33.7","14.1","19.0","1.1","173.0","","","","0.0","","34.684372","32.757369","","18/06/2025 18:00:00"
"Avdimou","30.2","33.7","14.1","34.0","0.8","228.0","","","","0.0","","34.684372","32.757369","","18/06/2025 19:00:00"
"Avdimou","27.5","33.7","14.1","39.0","0.2","259.0","","","","0.0","","34.684372","32.757369","","18/06/2025 20:00:00"
"Avdimou","23.0","23.1","23.0","57.0","0.3","164.0","","","","0.0","","34.684372","32.757369","","18/06/2025 21:00:00"
"Avdimou","21.7","23.1","21.6","55.0","0.4","10.0","","","","0.0","","34.684372","32.757369","","18/06/2025 22:00:00"
"Avdimou","20.8","23.1","20.2","52.0","0.4","343.0","","","","0.0","","34.684372","32.757369","","18/06/2025 23:00:00"
"Avdimou","20.7","23.1","20.2","44.0","0.4","47.0","","","","0.0","","34.684372","32.757369","","19/06/2025 00:00:00"
"Avdimou","23.3","23.9","20.2","33.0","0.7","249.0","","","","0.0","","34.684372","32.757369","","19/06/2025 01:00:00"
"Avdimou","18.7","23.9","18.5","44.0","0.9","342.0","","","","0.0","","34.684372","32.757369","","19/06/2025 02:00:00"
"Avdimou","18.7","23.9","17.9","41.0","0.7","303.0","","","","0.0","","34.684372","32.757369","","19/06/2025 03:00:00"
"Avdimou","19.7","23.9","17.9","37.0","1.0","351.0","","","","0.0","","34.684372","32.757369","","19/06/2025 04:00:00"
"Avdimou","22.1","23.9","17.9","30.0","0.5","136.0","","","","0.0","","34.684372","32.757369","","19/06/2025 05:00:00"
"Avdimou","20.5","24.0","17.9","36.0","0.3","273.0","","","","0.0","","34.684372","32.757369","","19/06/2025 06:00:00"
"Avdimou","20.5","24.0","17.9","45.0","0.0","143.0","","","","0.0","","34.684372","32.757369","","19/06/2025 07:00:00"
"Avdimou","29.8","30.1","17.9","23.0","0.9","129.0","","","","0.0","","34.684372","32.757369","","19/06/2025 08:00:00"
"Avdimou","30.8","31.0","17.9","27.0","1.6","128.0","","","","0.0","","34.684372","32.757369","","19/06/2025 09:00:00"
"Avdimou","31.6","31.8","17.9","24.0","2.1","133.0","","","","0.0","","34.684372","32.757369","","19/06/2025 10:00:00"
"Avdimou","32.5","32.8","17.9","28.0","2.1","123.0","","","","0.0","","34.684372","32.757369","","19/06/2025 11:00:00"
"Avdimou","34.0","34.3","17.9","22.0","1.6","114.0","","","","0.0","","34.684372","32.757369","","19/06/2025 12:00:00"
"Avdimou","35.2","35.4","17.9","17.0","1.9","90.0","","","","0.0","","34.684372","32.757369","","19/06/2025 13:00:00"
"Avdimou","36.2","36.6","17.9","14.0","2.5","130.0","","","","0.0","","34.684372","32.757369","","19/06/2025 14:00:00"
"Avdimou","37.2","37.5","17.9","16.0","1.4","206.0","","","","0.0","","34.684372","32.757369","","19/06/2025 15:00:00"
"Avdimou","36.7","37.5","17.9","18.0","1.9","226.0","","","","0.0","","34.684372","32.757369","","19/06/2025 16:00:00"
"Avdimou","35.2","37.5","17.9","27.0","2.1","209.0","","","","0.0","","34.684372","32.757369","","19/06/2025 17:00:00"
"Avdimou","33.9","37.5","17.9","27.0","1.4","247.0","","","","0.0","","34.684372","32.757369","","19/06/2025 18:00:00"
"Avdimou","30.8","37.5","17.9","50.0","1.6","231.0","","","","0.0","","34.684372","32.757369","","19/06/2025 19:00:00"
"Avdimou","29.3","37.5","17.9","45.0","0.2","11.0","","","","0.0","","34.684372","32.757369","","19/06/2025 20:00:00"
"Avdimou","25.5","25.3","25.2","48.0","0.2","255.0","","","","0.0","","34.684372","32.757369","","19/06/2025 21:00:00"
"Avdimou","24.0","25.3","22.7","46.0","1.1","276.0","","","","0.0","","34.684372","32.757369","","19/06/2025 22:00:00"
"Avdimou","23.4","25.3","22.7","42.0","0.5","15.0","","","","0.0","","34.684372","32.757369","","19/06/2025 23:00:00"
"Avdimou","20.9","25.3","20.8","46.0","0.4","14.0","","","","0.0","","34.684372","32.757369","","20/06/2025 00:00:00"
"Avdimou","20.1","25.3","20.0","45.0","0.2","292.0","","","","0.0","","34.684372","32.757369","","20/06/2025 01:00:00"
"Avdimou","19.6","25.3","19.4","45.0","0.1","348.0","","","","0.0","","34.684372","32.757369","","20/06/2025 02:00:00"
"Avdimou","18.3","25.3","18.2","47.0","0.2","357.0","","","","0.0","","34.684372","32.757369","","20/06/2025 03:00:00"
"Avdimou","17.4","25.3","17.3","48.0","0.1","291.0","","","","0.0","","34.684372","32.757369","","20/06/2025 04:00:00"
"Avdimou","15.9","25.3","15.8","54.0","0.0","14.0","","","","0.0","","34.684372","32.757369","","20/06/2025 05:00:00"
"Avdimou","16.8","25.3","15.5","49.0","0.1","17.0","","","","0.0","","34.684372","32.757369","","20/06/2025 06:00:00"
"Avdimou","19.9","25.3","15.5","48.0","0.0","121.0","","","","0.0","","34.684372","32.757369","","20/06/2025 07:00:00"
"Avdimou","28.6","28.9","15.5","30.0","1.7","99.0","","","","0.0","","34.684372","32.757369","","20/06/2025 08:00:00"
"Avdimou","30.7","31.0","15.5","33.0","1.2","144.0","","","","0.0","","34.684372","32.757369","","20/06/2025 09:00:00"
"Avdimou","31.5","31.7","15.5","37.0","1.7","151.0","","","","0.0","","34.684372","32.757369","","20/06/2025 10:00:00"
"Avdimou","33.8","34.1","15.5","35.0","1.8","114.0","","","","0.0","","34.684372","32.757369","","20/06/2025 11:00:00"
"Avdimou","34.7","35.3","15.5","39.0","1.9","222.0","","","","0.0","","34.684372","32.757369","","20/06/2025 12:00:00"
"Avdimou","36.3","36.7","15.5","29.0","2.0","225.0","","","","0.0","","34.684372","32.757369","","20/06/2025 13:00:00"
"Avdimou","36.6","37.1","15.5","30.0","2.1","219.0","","","","0.0","","34.684372","32.757369","","20/06/2025 14:00:00"
"Avdimou","36.1","37.1","15.5","27.0","2.0","226.0","","","","0.0","","34.684372","32.757369","","20/06/2025 15:00:00"
"Avdimou","35.6","38.1","15.5","29.0","2.1","232.0","","","","0.0","","34.684372","32.757369","","20/06/2025 16:00:00"
"Avdimou","35.2","38.1","15.5","27.0","1.4","252.0","","","","0.0","","34.684372","32.757369","","20/06/2025 17:00:00"
"Avdimou","33.9","38.1","15.5","29.0","1.9","227.0","","","","0.0","","34.684372","32.757369","","20/06/2025 18:00:00"
"Avdimou","30.7","38.1","15.5","45.0","1.6","234.0","","","","0.0","","34.684372","32.757369","","20/06/2025 19:00:00"
"Avdimou","28.1","38.1","15.5","74.0","1.1","228.0","","","","0.0","","34.684372","32.757369","","20/06/2025 20:00:00"
"Avdimou","26.5","26.5","26.3","81.0","0.9","297.0","","","","0.0","","34.684372","32.757369","","20/06/2025 21:00:00"
"Avdimou","24.4","26.5","24.2","70.0","0.3","312.0","","","","0.0","","34.684372","32.757369","","20/06/2025 22:00:00"
"Avdimou","24.2","26.5","23.2","82.0","0.7","321.0","","","","0.0","","34.684372","32.757369","","20/06/2025 23:00:00"
"Avdimou","20.5","26.5","20.4","79.0","0.6","7.0","","","","0.0","","34.684372","32.757369","","21/06/2025 00:00:00"
"Avdimou","19.8","26.5","19.6","78.0","0.5","337.0","","","","0.0","","34.684372","32.757369","","21/06/2025 01:00:00"
"Avdimou","17.7","26.5","17.6","73.0","0.2","338.0","","","","0.0","","34.684372","32.757369","","21/06/2025 02:00:00"
"Avdimou","16.6","26.5","16.5","72.0","0.6","353.0","","","","0.0","","34.684372","32.757369","","21/06/2025 03:00:00"
"Avdimou","16.4","26.5","16.4","69.0","0.5","327.0","","","","0.0","","34.684372","32.757369","","21/06/2025 04:00:00"
"Avdimou","15.7","26.5","15.5","69.0","0.4","306.0","","","","0.0","","34.684372","32.757369","","21/06/2025 05:00:00"
"Avdimou","15.1","26.5","14.7","72.0","0.6","332.0","","","","0.0","","34.684372","32.757369","","21/06/2025 06:00:00"
"Avdimou","17.6","26.5","14.7","65.0","0.0","325.0","","","","0.0","","34.684372","32.757369","","21/06/2025 07:00:00"
"Avdimou","28.7","29.0","14.7","37.0","1.1","145.0","","","","0.0","","34.684372","32.757369","","21/06/2025 08:00:00"
"Avdimou","30.0","30.3","14.7","51.0","1.6","135.0","","","","0.0","","34.684372","32.757369","","21/06/2025 09:00:00"
"Avdimou","30.2","30.8","14.7","60.0","2.0","140.0","","","","0.0","","34.684372","32.757369","","21/06/2025 10:00:00"
"Avdimou","30.7","31.0","14.7","55.0","1.6","135.0","","","","0.0","","34.684372","32.757369","","21/06/2025 11:00:00"
"Avdimou","31.8","33.0","14.7","48.0","2.3","118.0","","","","0.0","","34.684372","32.757369","","21/06/2025 12:00:00"
"Avdimou","32.0","33.0","14.7","50.0","2.4","122.0","","","","0.0","","34.684372","32.757369","","21/06/2025 13:00:00"
"Avdimou","33.5","33.9","14.7","48.0","2.1","155.0","","","","0.0","","34.684372","32.757369","","21/06/2025 14:00:00"
"Avdimou","33.6","35.6","14.7","40.0","2.8","179.0","","","","0.0","","34.684372","32.757369","","21/06/2025 15:00:00"
"Avdimou","34.5","35.6","14.7","35.0","1.7","235.0","","","","0.0","","34.684372","32.757369","","21/06/2025 16:00:00"
"Avdimou","34.2","35.6","14.7","37.0","2.5","206.0","","","","0.0","","34.684372","32.757369","","21/06/2025 17:00:00"
"Avdimou","35.0","35.6","14.7","22.0","1.3","234.0","","","","0.0","","34.684372","32.757369","","21/06/2025 18:00:00"
"Avdimou","33.2","35.6","14.7","23.0","0.8","241.0","","","","0.0","","34.684372","32.757369","","21/06/2025 19:00:00"
"Avdimou","29.9","35.6","14.7","48.0","0.8","219.0","","","","0.0","","34.684372","32.757369","","21/06/2025 20:00:00"
"Avdimou","27.1","27.1","27.0","76.0","0.8","271.0","","","","0.0","","34.684372","32.757369","","21/06/2025 21:00:00"
"Avdimou","24.9","27.1","24.7","76.0","1.0","334.0","","","","0.0","","34.684372","32.757369","","21/06/2025 22:00:00"
"Avdimou","21.3","27.1","21.1","65.0","0.7","307.0","","","","0.0","","34.684372","32.757369","","21/06/2025 23:00:00"
"Avdimou","19.1","27.1","19.0","69.0","0.1","337.0","","","","0.0","","34.684372","32.757369","","22/06/2025 00:00:00"
"Avdimou","17.4","27.1","17.2","71.0","0.1","344.0","","","","0.0","","34.684372","32.757369","","22/06/2025 01:00:00"
"Avdimou","17.8","27.1","17.0","64.0","0.6","334.0","","","","0.0","","34.684372","32.757369","","22/06/2025 02:00:00"
"Avdimou","17.4","27.1","17.0","60.0","0.3","332.0","","","","0.0","","34.684372","32.757369","","22/06/2025 03:00:00"
"Avdimou","16.6","27.1","16.5","61.0","0.2","333.0","","","","0.0","","34.684372","32.757369","","22/06/2025 04:00:00"
"Avdimou","16.4","27.1","16.0","64.0","0.6","326.0","","","","0.0","","34.684372","32.757369","","22/06/2025 05:00:00"
"Avdimou","16.4","27.1","15.9","68.0","0.2","319.0","","","","0.0","","34.684372","32.757369","","22/06/2025 06:00:00"
"Avdimou","18.7","27.1","15.9","75.0","0.0","327.0","","","","0.0","","34.684372","32.757369","","22/06/2025 07:00:00"
"Avdimou","27.9","28.3","15.9","56.0","0.8","103.0","","","","0.0","","34.684372","32.757369","","22/06/2025 08:00:00"
"Avdimou","28.0","28.9","15.9","68.0","1.6","113.0","","","","0.0","","34.684372","32.757369","","22/06/2025 09:00:00"
"Avdimou","28.6","29.0","15.9","67.0","2.1","132.0","","","","0.0","","34.684372","32.757369","","22/06/2025 10:00:00"
"Avdimou","28.8","29.7","15.9","67.0","2.5","120.0","","","","0.0","","34.684372","32.757369","","22/06/2025 11:00:00"
"Avdimou","29.2","29.7","15.9","68.0","2.4","128.0","","","","0.0","","34.684372","32.757369","","22/06/2025 12:00:00"
"Avdimou","29.5","30.0","15.9","65.0","2.3","120.0","","","","0.0","","34.684372","32.757369","","22/06/2025 13:00:00"
"Avdimou","29.9","30.6","15.9","64.0","2.7","150.0","","","","0.0","","34.684372","32.757369","","22/06/2025 14:00:00"
"Avdimou","31.4","31.8","15.9","52.0","2.1","144.0","","","","0.0","","34.684372","32.757369","","22/06/2025 15:00:00"
"Avdimou","31.5","32.0","15.9","56.0","1.8","146.0","","","","0.0","","34.684372","32.757369","","22/06/2025 16:00:00"
"Avdimou","31.4","32.3","15.9","49.0","2.3","117.0","","","","0.0","","34.684372","32.757369","","22/06/2025 17:00:00"
"Avdimou","30.3","32.3","15.9","55.0","1.9","135.0","","","","0.0","","34.684372","32.757369","","22/06/2025 18:00:00"
"Avdimou","29.2","32.3","15.9","66.0","0.9","216.0","","","","0.0","","34.684372","32.757369","","22/06/2025 19:00:00"
"Avdimou","27.7","32.3","15.9","73.0","1.3","192.0","","","","0.0","","34.684372","32.757369","","22/06/2025 20:00:00"
"Avdimou","25.2","25.1","25.0","70.0","0.2","280.0","","","","0.0","","34.684372","32.757369","","22/06/2025 21:00:00"
"Avdimou","23.4","25.1","23.3","74.0","0.1","328.0","","","","0.0","","34.684372","32.757369","","22/06/2025 22:00:00"
"Avdimou","22.3","25.1","22.2","74.0","0.4","353.0","","","","0.0","","34.684372","32.757369","","22/06/2025 23:00:00"
"Avdimou","21.3","25.1","21.1","80.0","0.1","333.0","","","","0.0","","34.684372","32.757369","","23/06/2025 00:00:00"
"Avdimou","20.2","25.1","20.1","79.0","0.0","319.0","","","","0.0","","34.684372","32.757369","","23/06/2025 01:00:00"
"Avdimou","19.6","25.1","19.5","78.0","0.0","12.0","","","","0.0","","34.684372","32.757369","","23/06/2025 02:00:00"
"Avdimou","19.1","25.1","18.9","76.0","0.2","331.0","","","","0.0","","34.684372","32.757369","","23/06/2025 03:00:00"
"Avdimou","18.4","25.1","18.2","72.0","0.2","287.0","","","","0.0","","34.684372","32.757369","","23/06/2025 04:00:00"
"Avdimou","18.2","25.1","17.9","71.0","0.4","347.0","","","","0.0","","34.684372","32.757369","","23/06/2025 05:00:00"
"Avdimou","18.3","25.1","17.8","71.0","0.1","334.0","","","","0.0","","34.684372","32.757369","","23/06/2025 06:00:00"
"Avdimou","19.8","25.1","17.8","71.0","0.1","337.0","","","","0.0","","34.684372","32.757369","","23/06/2025 07:00:00"
"Avdimou","27.8","28.0","17.8","62.0","0.7","151.0","","","","0.0","","34.684372","32.757369","","23/06/2025 08:00:00"
"Avdimou","29.8","30.1","17.8","50.0","1.6","149.0","","","","0.0","","34.684372","32.757369","","23/06/2025 09:00:00"
"Avdimou","29.4","30.1","17.8","63.0","1.8","142.0","","","","0.0","","34.684372","32.757369","","23/06/2025 10:00:00"
"Avdimou","29.8","30.2","17.8","65.0","2.5","124.0","","","","0.0","","34.684372","32.757369","","23/06/2025 11:00:00"
"Avdimou","30.5","30.8","17.8","65.0","2.0","140.0","","","","0.0","","34.684372","32.757369","","23/06/2025 12:00:00"
"Avdimou","31.5","32.0","17.8","55.0","2.5","156.0","","","","0.0","","34.684372","32.757369","","23/06/2025 13:00:00"
"Avdimou","31.2","32.0","17.8","59.0","2.6","131.0","","","","0.0","","34.684372","32.757369","","23/06/2025 14:00:00"
"Avdimou","31.8","32.3","17.8","56.0","2.4","163.0","","","","0.0","","34.684372","32.757369","","23/06/2025 15:00:00"
"Avdimou","32.6","32.8","17.8","42.0","2.2","141.0","","","","0.0","","34.684372","32.757369","","23/06/2025 16:00:00"
"Avdimou","32.4","32.9","17.8","46.0","1.5","211.0","","","","0.0","","34.684372","32.757369","","23/06/2025 17:00:00"
"Avdimou","32.2","33.9","17.8","41.0","1.7","205.0","","","","0.0","","34.684372","32.757369","","23/06/2025 18:00:00"
"Avdimou","30.3","33.9","17.8","58.0","1.1","227.0","","","","0.0","","34.684372","32.757369","","23/06/2025 19:00:00"
"Avdimou","28.7","33.9","17.8","70.0","0.9","207.0","","","","0.0","","34.684372","32.757369","","23/06/2025 20:00:00"
"Avdimou","26.7","26.6","26.4","78.0","0.2","10.0","","","","0.0","","34.684372","32.757369","","23/06/2025 21:00:00"
"Avdimou","24.5","26.6","24.4","84.0","0.4","301.0","","","","0.0","","34.684372","32.757369","","23/06/2025 22:00:00"
"Avdimou","22.8","26.6","22.6","82.0","0.4","256.0","","","","0.0","","34.684372","32.757369","","23/06/2025 23:00:00"
"Avdimou","22.9","26.6","22.1","65.0","0.8","225.0","","","","0.0","","34.684372","32.757369","","24/06/2025 00:00:00"
"Avdimou","20.9","26.6","20.7","66.0","0.9","100.0","","","","0.0","","34.684372","32.757369","","24/06/2025 01:00:00"
"Avdimou","20.9","26.6","19.8","58.0","0.7","318.0","","","","0.0","","34.684372","32.757369","","24/06/2025 02:00:00"
"Avdimou","19.4","26.6","19.2","61.0","0.4","336.0","","","","0.0","","34.684372","32.757369","","24/06/2025 03:00:00"
"Avdimou","17.2","26.6","17.0","68.0","0.1","335.0","","","","0.0","","34.684372","32.757369","","24/06/2025 04:00:00"
"Avdimou","15.6","26.6","15.5","71.0","0.0","345.0","","","","0.0","","34.684372","32.757369","","24/06/2025 05:00:00"
"Avdimou","15.8","26.6","15.2","72.0","0.3","347.0","","","","0.0","","34.684372","32.757369","","24/06/2025 06:00:00"
"Avdimou","20.9","26.6","15.2","53.0","0.2","279.0","","","","0.0","","34.684372","32.757369","","24/06/2025 07:00:00"
"Avdimou","29.1","29.5","15.2","42.0","1.1","160.0","","","","0.0","","34.684372","32.757369","","24/06/2025 08:00:00"
"Avdimou","32.3","32.5","15.2","33.0","1.6","117.0","","","","0.0","","34.684372","32.757369","","24/06/2025 09:00:00"
"Avdimou","32.3","32.8","15.2","41.0","2.0","136.0","","","","0.0","","34.684372","32.757369","","24/06/2025 10:00:00"
"Avdimou","32.7","33.3","15.2","40.0","2.3","137.0","","","","0.0","","34.684372","32.757369","","24/06/2025 11:00:00"
"Avdimou","33.1","33.8","15.2","37.0","2.3","127.0","","","","0.0","","34.684372","32.757369","","24/06/2025 12:00:00"
"Avdimou","33.5","34.2","15.2","31.0","1.9","136.0","","","","0.0","","34.684372","32.757369","","24/06/2025 13:00:00"
"Avdimou","34.2","34.6","15.2","27.0","2.3","136.0","","","","0.0","","34.684372","32.757369","","24/06/2025 14:00:00"
"Avdimou","34.2","34.6","15.2","26.0","2.2","154.0","","","","0.0","","34.684372","32.757369","","24/06/2025 15:00:00"
"Avdimou","34.5","34.9","15.2","25.0","1.6","150.0","","","","0.0","","34.684372","32.757369","","24/06/2025 16:00:00"
"Avdimou","34.5","35.5","15.2","21.0","1.9","171.0","","","","0.0","","34.684372","32.757369","","24/06/2025 17:00:00"
"Avdimou","34.3","35.5","15.2","21.0","1.5","197.0","","","","0.0","","34.684372","32.757369","","24/06/2025 18:00:00"
"Avdimou","32.0","35.5","15.2","31.0","1.2","234.0","","","","0.0","","34.684372","32.757369","","24/06/2025 19:00:00"
"Avdimou","30.0","35.5","15.2","34.0","0.1","223.0","","","","0.0","","34.684372","32.757369","","24/06/2025 20:00:00"
"Avdimou","24.2","24.1","24.0","46.0","0.5","285.0","","","","0.0","","34.684372","32.757369","","24/06/2025 21:00:00"
"Avdimou","21.8","24.1","21.6","48.0","0.4","348.0","","","","0.0","","34.684372","32.757369","","24/06/2025 22:00:00"
"Avdimou","19.2","24.1","19.1","53.0","0.6","336.0","","","","0.0","","34.684372","32.757369","","24/06/2025 23:00:00"
"Avdimou","18.6","24.1","18.4","54.0","0.3","9.0","","","","0.0","","34.684372","32.757369","","25/06/2025 00:00:00"
"Avdimou","19.3","24.1","18.4","43.0","0.9","298.0","","","","0.0","","34.684372","32.757369","","25/06/2025 01:00:00"
"Avdimou","20.8","24.1","18.4","35.0","0.4","111.0","","","","0.0","","34.684372","32.757369","","25/06/2025 02:00:00"
"Avdimou","18.6","24.1","18.4","41.0","0.7","164.0","","","","0.0","","34.684372","32.757369","","25/06/2025 03:00:00"
"Avdimou","17.2","24.1","17.1","45.0","0.3","325.0","","","","0.0","","34.684372","32.757369","","25/06/2025 04:00:00"
"Avdimou","18.0","24.1","17.1","40.0","0.7","324.0","","","","0.0","","34.684372","32.757369","","25/06/2025 05:00:00"
"Avdimou","15.9","24.1","15.8","47.0","0.1","321.0","","","","0.0","","34.684372","32.757369","","25/06/2025 06:00:00"
"Avdimou","18.0","24.1","15.6","50.0","0.0","340.0","","","","0.0","","34.684372","32.757369","","25/06/2025 07:00:00"
"Avdimou","29.3","29.9","15.6","24.0","0.8","123.0","","","","0.0","","34.684372","32.757369","","25/06/2025 08:00:00"
"Avdimou","31.1","31.6","15.6","22.0","1.9","122.0","","","","0.0","","34.684372","32.757369","","25/06/2025 09:00:00"
"Avdimou","31.5","32.2","15.6","28.0","1.5","141.0","","","","0.0","","34.684372","32.757369","","25/06/2025 10:00:00"
"Avdimou","34.5","34.8","15.6","23.0","2.2","116.0","","","","0.0","","34.684372","32.757369","","25/06/2025 11:00:00"
"Avdimou","35.8","36.2","15.6","27.0","2.1","118.0","","","","0.0","","34.684372","32.757369","","25/06/2025 12:00:00"
"Avdimou","37.0","37.5","15.6","27.0","2.0","225.0","","","","0.0","","34.684372","32.757369","","25/06/2025 13:00:00"
"Avdimou","37.0","37.8","15.6","26.0","1.8","228.0","","","","0.0","","34.684372","32.757369","","25/06/2025 14:00:00"
"Avdimou","37.0","38.5","15.6","17.0","2.0","243.0","","","","0.0","","34.684372","32.757369","","25/06/2025 15:00:00"
"Avdimou","37.4","38.5","15.6","17.0","2.2","233.0","","","","0.0","","34.684372","32.757369","","25/06/2025 16:00:00"
"Avdimou","36.9","38.5","15.6","25.0","1.7","243.0","","","","0.0","","34.684372","32.757369","","25/06/2025 17:00:00"
"Avdimou","35.5","38.5","15.6","29.0","1.3","278.0","","","","0.0","","34.684372","32.757369","","25/06/2025 18:00:00"
"Avdimou","33.3","38.5","15.6","32.0","0.8","268.0","","","","0.0","","34.684372","32.757369","","25/06/2025 19:00:00"
"Avdimou","30.8","38.5","15.6","45.0","0.8","216.0","","","","0.0","","34.684372","32.757369","","25/06/2025 20:00:00"
"Avdimou","28.8","28.7","28.5","49.0","0.9","347.0","","","","0.0","","34.684372","32.757369","","25/06/2025 21:00:00"
"Avdimou","25.4","28.7","25.2","52.0","0.3","243.0","","","","0.0","","34.684372","32.757369","","25/06/2025 22:00:00"
"Avdimou","25.5","28.7","24.5","44.0","0.6","301.0","","","","0.0","","34.684372","32.757369","","25/06/2025 23:00:00"
"Avdimou","23.4","28.7","22.8","46.0","0.8","198.0","","","","0.0","","34.684372","32.757369","","26/06/2025 00:00:00"
"Avdimou","22.4","28.7","21.5","40.0","0.5","318.0","","","","0.0","","34.684372","32.757369","","26/06/2025 01:00:00"
"Avdimou","21.4","28.7","21.2","34.0","0.8","324.0","","","","0.0","","34.684372","32.757369","","26/06/2025 02:00:00"
"Avdimou","18.9","28.7","18.7","39.0","0.4","339.0","","","","0.0","","34.684372","32.757369","","26/06/2025 03:00:00"
"Avdimou","16.7","28.7","16.6","48.0","0.1","329.0","","","","0.0","","34.684372","32.757369","","26/06/2025 04:00:00"
"Avdimou","16.0","28.7","15.8","49.0","0.2","342.0","","","","0.0","","34.684372","32.757369","","26/06/2025 05:00:00"
"Avdimou","15.8","28.7","15.6","51.0","0.2","350.0","","","","0.0","","34.684372","32.757369","","26/06/2025 06:00:00"
"Avdimou","17.8","28.7","15.5","54.0","0.0","320.0","","","","0.0","","34.684372","32.757369","","26/06/2025 07:00:00"
"Avdimou","29.0","29.2","15.5","52.0","1.2","129.0","","","","0.0","","34.684372","32.757369","","26/06/2025 08:00:00"
"Avdimou","29.7","30.0","15.5","62.0","1.8","122.0","","","","0.0","","34.684372","32.757369","","26/06/2025 09:00:00"
"Avdimou","31.0","31.3","15.5","53.0","1.5","137.0","","","","0.0","","34.684372","32.757369","","26/06/2025 10:00:00"
"Avdimou","33.7","34.2","15.5","35.0","1.9","121.0","","","","0.0","","34.684372","32.757369","","26/06/2025 11:00:00"
"Avdimou","33.5","34.8","15.5","42.0","2.4","119.0","","","","0.0","","34.684372","32.757369","","26/06/2025 12:00:00"
"Avdimou","34.1","34.8","15.5","39.0","2.4","111.0","","","","0.0","","34.684372","32.757369","","26/06/2025 13:00:00"
"Avdimou","35.0","35.4","15.5","38.0","2.5","127.0","","","","0.0","","34.684372","32.757369","","26/06/2025 14:00:00"
"Avdimou","36.0","36.2","15.5","30.0","2.9","173.0","","","","0.0","","34.684372","32.757369","","26/06/2025 15:00:00"
"Avdimou","35.6","36.2","15.5","29.0","1.9","195.0","","","","0.0","","34.684372","32.757369","","26/06/2025 16:00:00"
"Avdimou","36.3","36.8","15.5","20.0","1.9","223.0","","","","0.0","","34.684372","32.757369","","26/06/2025 17:00:00"
"Avdimou","35.2","36.9","15.5","24.0","2.0","205.0","","","","0.0","","34.684372","32.757369","","26/06/2025 18:00:00"
"Avdimou","33.2","36.9","15.5","37.0","0.9","235.0","","","","0.0","","34.684372","32.757369","","26/06/2025 19:00:00"
"Avdimou","30.8","36.9","15.5","43.0","0.6","259.0","","","","0.0","","34.684372","32.757369","","26/06/2025 20:00:00"
"Avdimou","29.4","29.5","29.3","40.0","0.6","235.0","","","","0.0","","34.684372","32.757369","","26/06/2025 21:00:00"
"Avdimou","26.2","29.5","26.0","46.0","0.4","350.0","","","","0.0","","34.684372","32.757369","","26/06/2025 22:00:00"
"Avdimou","23.4","29.5","23.3","53.0","0.3","347.0","","","","0.0","","34.684372","32.757369","","26/06/2025 23:00:00"
"Avdimou","21.3","29.5","21.2","60.0","0.4","329.0","","","","0.0","","34.684372","32.757369","","27/06/2025 00:00:00"
"Avdimou","19.9","29.5","19.8","62.0","0.4","330.0","","","","0.0","","34.684372","32.757369","","27/06/2025 01:00:00"
"Avdimou","18.6","29.5","18.4","59.0","0.7","330.0","","","","0.0","","34.684372","32.757369","","27/06/2025 02:00:00"
"Avdimou","18.1","29.5","18.0","55.0","0.2","358.0","","","","0.0","","34.684372","32.757369","","27/06/2025 03:00:00"
"Avdimou","17.5","29.5","17.3","56.0","0.4","348.0","","","","0.0","","34.684372","32.757369","","27/06/2025 04:00:00"
"Avdimou","17.4","29.5","17.2","55.0","0.7","309.0","","","","0.0","","34.684372","32.757369","","27/06/2025 05:00:00"
"Avdimou","17.1","29.5","16.5","56.0","0.2","318.0","","","","0.0","","34.684372","32.757369","","27/06/2025 06:00:00"
"Avdimou","18.2","29.5","16.5","58.0","0.0","338.0","","","","0.0","","34.684372","32.757369","","27/06/2025 07:00:00"
"Avdimou","28.3","29.5","16.5","70.0","1.4","84.0","","","","0.0","","34.684372","32.757369","","27/06/2025 08:00:00"
"Avdimou","29.3","29.5","16.5","71.0","1.9","120.0","","","","0.0","","34.684372","32.757369","","27/06/2025 09:00:00"
"Avdimou","30.7","31.4","16.5","67.0","1.6","119.0","","","","0.0","","34.684372","32.757369","","27/06/2025 10:00:00"
"Avdimou","30.7","31.7","16.5","67.0","2.6","121.0","","","","0.0","","34.684372","32.757369","","27/06/2025 11:00:00"
"Avdimou","31.4","31.7","16.5","63.0","2.4","148.0","","","","0.0","","34.684372","32.757369","","27/06/2025 12:00:00"
"Avdimou","31.9","32.7","16.5","60.0","2.2","146.0","","","","0.0","","34.684372","32.757369","","27/06/2025 13:00:00"
"Avdimou","33.5","33.8","16.5","51.0","2.1","163.0","","","","0.0","","34.684372","32.757369","","27/06/2025 14:00:00"
"Avdimou","33.6","34.2","16.5","47.0","2.0","130.0","","","","0.0","","34.684372","32.757369","","27/06/2025 15:00:00"
"Avdimou","33.1","34.2","16.5","45.0","2.8","119.0","","","","0.0","","34.684372","32.757369","","27/06/2025 16:00:00"
"Avdimou","33.0","34.2","16.5","49.0","1.9","126.0","","","","0.0","","34.684372","32.757369","","27/06/2025 17:00:00"
"Avdimou","34.2","34.5","16.5","32.0","1.2","128.0","","","","0.0","","34.684372","32.757369","","27/06/2025 18:00:00"
"Avdimou","33.0","34.9","16.5","38.0","1.0","112.0","","","","0.0","","34.684372","32.757369","","27/06/2025 19:00:00"
"Avdimou","31.0","34.9","16.5","57.0","0.2","167.0","","","","0.0","","34.684372","32.757369","","27/06/2025 20:00:00"
"Avdimou","26.5","26.4","26.3","63.0","0.6","303.0","","","","0.0","","34.684372","32.757369","","27/06/2025 21:00:00"
"Avdimou","24.2","26.5","24.0","63.0","0.3","328.0","","","","0.0","","34.684372","32.757369","","27/06/2025 22:00:00"
"Avdimou","22.1","26.5","22.0","65.0","0.8","349.0","","","","0.0","","34.684372","32.757369","","27/06/2025 23:00:00"
"Avdimou","20.8","26.5","20.6","70.0","0.4","299.0","","","","0.0","","34.684372","32.757369","","28/06/2025 00:00:00"
"Avdimou","20.6","26.5","20.0","67.0","1.1","143.0","","","","0.0","","34.684372","32.757369","","28/06/2025 01:00:00"
"Avdimou","20.5","26.5","20.0","60.0","0.9","328.0","","","","0.0","","34.684372","32.757369","","28/06/2025 02:00:00"
"Avdimou","20.9","26.5","19.8","52.0","0.5","330.0","","","","0.0","","34.684372","32.757369","","28/06/2025 03:00:00"
"Avdimou","20.1","26.5","19.8","52.0","0.5","345.0","","","","0.0","","34.684372","32.757369","","28/06/2025 04:00:00"
"Avdimou","18.3","26.5","18.2","58.0","0.5","318.0","","","","0.0","","34.684372","32.757369","","28/06/2025 05:00:00"
"Avdimou","17.7","26.5","17.4","58.0","0.1","322.0","","","","0.0","","34.684372","32.757369","","28/06/2025 06:00:00"
"Avdimou","19.7","26.5","17.4","58.0","0.4","345.0","","","","0.0","","34.684372","32.757369","","28/06/2025 07:00:00"
"Avdimou","29.6","30.3","17.4","34.0","0.4","126.0","","","","0.0","","34.684372","32.757369","","28/06/2025 08:00:00"
"Avdimou","33.1","33.4","17.4","29.0","0.9","130.0","","","","0.0","","34.684372","32.757369","","28/06/2025 09:00:00"
"Avdimou","32.3","34.6","17.4","59.0","2.2","146.0","","","","0.0","","34.684372","32.757369","","28/06/2025 10:00:00"
"Avdimou","31.8","34.6","17.4","64.0","2.4","128.0","","","","0.0","","34.684372","32.757369","","28/06/2025 11:00:00"
"Avdimou","30.9","34.6","17.4","71.0","1.7","147.0","","","","0.0","","34.684372","32.757369","","28/06/2025 12:00:00"
"Avdimou","33.2","34.6","17.4","58.0","2.1","137.0","","","","0.0","","34.684372","32.757369","","28/06/2025 13:00:00"
"Avdimou","34.4","34.7","17.4","52.0","2.5","157.0","","","","0.0","","34.684372","32.757369","","28/06/2025 14:00:00"
"Avdimou","35.6","35.9","17.4","35.0","2.0","222.0","","","","0.0","","34.684372","32.757369","","28/06/2025 15:00:00"
"Avdimou","35.2","36.4","17.4","37.0","2.1","211.0","","","","0.0","","34.684372","32.757369","","28/06/2025 16:00:00"
"Avdimou","35.3","36.4","17.4","30.0","2.0","214.0","","","","0.0","","34.684372","32.757369","","28/06/2025 17:00:00"
"Avdimou","33.9","36.4","17.4","44.0","1.7","211.0","","","","0.0","","34.684372","32.757369","","28/06/2025 18:00:00"
"Avdimou","31.9","36.4","17.4","51.0","1.9","192.0","","","","0.0","","34.684372","32.757369","","28/06/2025 19:00:00"
"Avdimou","30.5","36.4","17.4","52.0","1.5","212.0","","","","0.0","","34.684372","32.757369","","28/06/2025 20:00:00"
"Avdimou","28.9","29.0","28.8","59.0","0.6","234.0","","","","0.0","","34.684372","32.757369","","28/06/2025 21:00:00"
"Avdimou","27.4","29.0","27.3","65.0","1.0","19.0","","","","0.0","","34.684372","32.757369","","28/06/2025 22:00:00"
"Avdimou","25.6","29.0","25.5","72.0","0.8","332.0","","","","0.0","","34.684372","32.757369","","28/06/2025 23:00:00"
"Avdimou","22.5","29.0","22.2","69.0","0.7","320.0","","","","0.0","","34.684372","32.757369","","29/06/2025 00:00:00"
"Avdimou","20.7","29.0","20.6","71.0","0.5","344.0","","","","0.0","","34.684372","32.757369","","29/06/2025 01:00:00"
"Avdimou","20.2","29.0","19.8","74.0","0.7","338.0","","","","0.0","","34.684372","32.757369","","29/06/2025 02:00:00"
"Avdimou","18.7","29.0","18.6","71.0","0.6","331.0","","","","0.0","","34.684372","32.757369","","29/06/2025 03:00:00"
"Avdimou","19.9","29.0","18.4","56.0","0.8","328.0","","","","0.0","","34.684372","32.757369","","29/06/2025 04:00:00"
"Avdimou","18.8","29.0","18.4","58.0","0.1","343.0","","","","0.0","","34.684372","32.757369","","29/06/2025 05:00:00"
"Avdimou","18.1","29.0","17.9","61.0","0.2","332.0","","","","0.0","","34.684372","32.757369","","29/06/2025 06:00:00"
"Avdimou","20.4","29.0","17.7","57.0","0.3","326.0","","","","0.0","","34.684372","32.757369","","29/06/2025 07:00:00"
"Avdimou","29.4","29.7","17.7","47.0","0.9","124.0","","","","0.0","","34.684372","32.757369","","29/06/2025 08:00:00"
"Avdimou","30.9","31.9","17.7","55.0","2.0","140.0","","","","0.0","","34.684372","32.757369","","29/06/2025 09:00:00"
"Avdimou","32.4","32.8","17.7","49.0","3.0","99.0","","","","0.0","","34.684372","32.757369","","29/06/2025 10:00:00"
"Avdimou","33.7","34.0","17.7","44.0","2.4","117.0","","","","0.0","","34.684372","32.757369","","29/06/2025 11:00:00"
"Avdimou","33.7","34.3","17.7","41.0","2.6","101.0","","","","0.0","","34.684372","32.757369","","29/06/2025 12:00:00"
"Avdimou","32.9","34.5","17.7","55.0","2.3","145.0","","","","0.0","","34.684372","32.757369","","29/06/2025 13:00:00"
"Avdimou","34.8","35.2","17.7","36.0","2.1","119.0","","","","0.0","","34.684372","32.757369","","29/06/2025 14:00:00"
"Avdimou","33.4","35.3","17.7","52.0","2.7","120.0","","","","0.0","","34.684372","32.757369","","29/06/2025 15:00:00"
"Avdimou","32.2","35.3","17.7","61.0","2.5","148.0","","","","0.0","","34.684372","32.757369","","29/06/2025 16:00:00"
"Avdimou","32.2","35.3","17.7","58.0","2.1","153.0","","","","0.0","","34.684372","32.757369","","29/06/2025 17:00:00"
"Avdimou","33.6","35.3","17.7","49.0","2.0","153.0","","","","0.0","","34.684372","32.757369","","29/06/2025 18:00:00"
"Avdimou","32.0","35.3","17.7","51.0","0.9","211.0","","","","0.0","","34.684372","32.757369","","29/06/2025 19:00:00"
"Avdimou","30.0","35.3","17.7","65.0","0.5","13.0","","","","0.0","","34.684372","32.757369","","29/06/2025 20:00:00"
"Avdimou","27.3","27.3","27.1","76.0","0.4","334.0","","","","0.0","","34.684372","32.757369","","29/06/2025 21:00:00"
"Avdimou","24.9","27.3","24.8","81.0","0.4","314.0","","","","0.0","","34.684372","32.757369","","29/06/2025 22:00:00"
"Avdimou","23.6","27.3","23.5","77.0","0.4","346.0","","","","0.0","","34.684372","32.757369","","29/06/2025 23:00:00"
"Avdimou","22.7","27.3","22.5","78.0","0.6","315.0","","","","0.0","","34.684372","32.757369","","30/06/2025 00:00:00"